"RaumKategorie","RaumSort","RaumLang","StichtagDatJahr","FlaecheT","FlaecheL","FlaecheS"
"Gesamte Stadt",0,"Ganze Stadt",2009,9188.1,6526.2,3759.6
"Gesamte Stadt",0,"Ganze Stadt",2010,9188.1,6522.4,3756.2
"Gesamte Stadt",0,"Ganze Stadt",2011,9188.1,6521.9,3759.6
"Gesamte Stadt",0,"Ganze Stadt",2012,9188.1,6523.5,3770.1
"Gesamte Stadt",0,"Ganze Stadt",2013,9188.1,6521.5,3770.7
"Gesamte Stadt",0,"Ganze Stadt",2014,9188.1,6521.9,3776.7
"Gesamte Stadt",0,"Ganze Stadt",2015,9188.1,6513.9,3783.7
"Gesamte Stadt",0,"Ganze Stadt",2016,9188.1,6499.6,3799.1
"Gesamte Stadt",0,"Ganze Stadt",2017,9188.1,6490.8,3804.9
"Gesamte Stadt",0,"Ganze Stadt",2018,9188.1,6491.9,3812.1
"Gesamte Stadt",0,"Ganze Stadt",2019,9189.1,6493,3806.7
"Gesamte Stadt",0,"Ganze Stadt",2020,9188.1,6492.6,3802.7
"Gesamte Stadt",0,"Ganze Stadt",2021,9188.1,6492.9,3798.6
"Gesamte Stadt",0,"Ganze Stadt",2022,9188.1,6492.9,3796.4
"Gesamte Stadt",0,"Ganze Stadt",2023,9188.1,6493.2,3798.4
"Gesamte Stadt",0,"Ganze Stadt",2024,9188.1,6492.8,3799.3
"Gesamte Stadt",0,"Ganze Stadt",2025,9188.1,6491.8,3801.8
"Stadtkreis",10,"Kreis 1",2009,180,155.8,88
"Stadtkreis",10,"Kreis 1",2010,180,155.8,88.6
"Stadtkreis",10,"Kreis 1",2011,187.4,161.6,89.1
"Stadtkreis",10,"Kreis 1",2012,180,155.4,90.1
"Stadtkreis",10,"Kreis 1",2013,180,155.4,90.2
"Stadtkreis",10,"Kreis 1",2014,180,155.4,89.9
"Stadtkreis",10,"Kreis 1",2015,180,154.9,89.3
"Stadtkreis",10,"Kreis 1",2016,180,154.9,86.9
"Stadtkreis",10,"Kreis 1",2017,180,154.9,87
"Stadtkreis",10,"Kreis 1",2018,180,154.9,87
"Stadtkreis",10,"Kreis 1",2019,180,154.9,87
"Stadtkreis",10,"Kreis 1",2020,180,154.9,87
"Stadtkreis",10,"Kreis 1",2021,180,154.9,87
"Stadtkreis",10,"Kreis 1",2022,180,154.9,87
"Stadtkreis",10,"Kreis 1",2023,180,154.9,86.7
"Stadtkreis",10,"Kreis 1",2024,180,154.9,86.7
"Stadtkreis",10,"Kreis 1",2025,180,154.9,86.7
"Stadtkreis",20,"Kreis 2",2009,1106.6,685.6,363.5
"Stadtkreis",20,"Kreis 2",2010,1106.6,682.8,362.3
"Stadtkreis",20,"Kreis 2",2011,1110.5,690.9,366
"Stadtkreis",20,"Kreis 2",2012,1106.6,682.8,363.3
"Stadtkreis",20,"Kreis 2",2013,1106.6,682.6,363
"Stadtkreis",20,"Kreis 2",2014,1106.6,682.7,363.1
"Stadtkreis",20,"Kreis 2",2015,1106.6,682.3,364.2
"Stadtkreis",20,"Kreis 2",2016,1106.6,679.4,361.1
"Stadtkreis",20,"Kreis 2",2017,1106.6,679,360.6
"Stadtkreis",20,"Kreis 2",2018,1106.6,676,359.4
"Stadtkreis",20,"Kreis 2",2019,1106.6,676,357.9
"Stadtkreis",20,"Kreis 2",2020,1106.6,676,356.4
"Stadtkreis",20,"Kreis 2",2021,1106.6,675.9,356.5
"Stadtkreis",20,"Kreis 2",2022,1106.6,675.9,355.9
"Stadtkreis",20,"Kreis 2",2023,1106.6,676,355.9
"Stadtkreis",20,"Kreis 2",2024,1106.6,676.1,356.1
"Stadtkreis",20,"Kreis 2",2025,1106.6,676.1,355.8
"Stadtkreis",30,"Kreis 3",2009,865.1,585.6,341.9
"Stadtkreis",30,"Kreis 3",2010,865.1,584.9,339.7
"Stadtkreis",30,"Kreis 3",2011,864.6,584.4,339.6
"Stadtkreis",30,"Kreis 3",2012,865.1,584.8,338.9
"Stadtkreis",30,"Kreis 3",2013,865.1,583.9,339.2
"Stadtkreis",30,"Kreis 3",2014,865.1,583.8,340.3
"Stadtkreis",30,"Kreis 3",2015,865.1,583.6,345
"Stadtkreis",30,"Kreis 3",2016,865.1,583.4,344.5
"Stadtkreis",30,"Kreis 3",2017,865.1,583.9,348.5
"Stadtkreis",30,"Kreis 3",2018,865.1,582.6,349.9
"Stadtkreis",30,"Kreis 3",2019,865.1,582.7,349.1
"Stadtkreis",30,"Kreis 3",2020,865.1,582.8,348.9
"Stadtkreis",30,"Kreis 3",2021,865.1,582.8,348.8
"Stadtkreis",30,"Kreis 3",2022,865.1,582.8,348.8
"Stadtkreis",30,"Kreis 3",2023,865.1,582.7,348.9
"Stadtkreis",30,"Kreis 3",2024,865.1,582.6,348.9
"Stadtkreis",30,"Kreis 3",2025,865.1,582.3,348.7
"Stadtkreis",40,"Kreis 4",2009,280,276.1,149.2
"Stadtkreis",40,"Kreis 4",2010,280,276.1,149.2
"Stadtkreis",40,"Kreis 4",2011,276.8,275,148.6
"Stadtkreis",40,"Kreis 4",2012,290.9,287,151.8
"Stadtkreis",40,"Kreis 4",2013,290.9,287,152.1
"Stadtkreis",40,"Kreis 4",2014,290.9,287,152.6
"Stadtkreis",40,"Kreis 4",2015,290.9,286.8,152.7
"Stadtkreis",40,"Kreis 4",2016,290.9,286.8,152
"Stadtkreis",40,"Kreis 4",2017,290.6,286.5,153.1
"Stadtkreis",40,"Kreis 4",2018,290.6,286.5,153.2
"Stadtkreis",40,"Kreis 4",2019,290.6,286.5,154.6
"Stadtkreis",40,"Kreis 4",2020,290.6,286.5,154.1
"Stadtkreis",40,"Kreis 4",2021,290.6,286.5,154.3
"Stadtkreis",40,"Kreis 4",2022,290.6,286.5,153.1
"Stadtkreis",40,"Kreis 4",2023,290.6,286.5,153.6
"Stadtkreis",40,"Kreis 4",2024,290.6,286.5,153.6
"Stadtkreis",40,"Kreis 4",2025,290.6,286.5,153.4
"Stadtkreis",50,"Kreis 5",2009,208.9,197.2,135.6
"Stadtkreis",50,"Kreis 5",2010,208.9,197.2,135.6
"Stadtkreis",50,"Kreis 5",2011,208.9,197.2,135.7
"Stadtkreis",50,"Kreis 5",2012,199.3,187.9,132.6
"Stadtkreis",50,"Kreis 5",2013,199.3,187.9,132.6
"Stadtkreis",50,"Kreis 5",2014,199.3,187.9,132.7
"Stadtkreis",50,"Kreis 5",2015,199.3,187.4,132.5
"Stadtkreis",50,"Kreis 5",2016,199.3,187.2,132.4
"Stadtkreis",50,"Kreis 5",2017,199.7,187.6,132.6
"Stadtkreis",50,"Kreis 5",2018,199.7,187.4,130.1
"Stadtkreis",50,"Kreis 5",2019,199.7,187.4,129.9
"Stadtkreis",50,"Kreis 5",2020,199.7,187.4,128.7
"Stadtkreis",50,"Kreis 5",2021,199.7,187.4,128.7
"Stadtkreis",50,"Kreis 5",2022,199.7,187.4,128.2
"Stadtkreis",50,"Kreis 5",2023,199.7,187.4,128.2
"Stadtkreis",50,"Kreis 5",2024,199.7,187.4,127.8
"Stadtkreis",50,"Kreis 5",2025,199.7,187.4,127.8
"Stadtkreis",60,"Kreis 6",2009,511.2,404.9,263.9
"Stadtkreis",60,"Kreis 6",2010,511.3,405,264.1
"Stadtkreis",60,"Kreis 6",2011,510.4,404.2,264
"Stadtkreis",60,"Kreis 6",2012,510.1,403.9,264.2
"Stadtkreis",60,"Kreis 6",2013,510.1,403.9,266.1
"Stadtkreis",60,"Kreis 6",2014,510.1,403.9,266.1
"Stadtkreis",60,"Kreis 6",2015,510.1,403.1,266
"Stadtkreis",60,"Kreis 6",2016,510.1,402.9,266.5
"Stadtkreis",60,"Kreis 6",2017,510.1,401.7,266.8
"Stadtkreis",60,"Kreis 6",2018,510.1,401.8,267.2
"Stadtkreis",60,"Kreis 6",2019,510.1,401.8,266.2
"Stadtkreis",60,"Kreis 6",2020,510.1,401.8,266.1
"Stadtkreis",60,"Kreis 6",2021,510.1,401.8,266.5
"Stadtkreis",60,"Kreis 6",2022,510.1,401.8,266.5
"Stadtkreis",60,"Kreis 6",2023,510.1,401.8,266.5
"Stadtkreis",60,"Kreis 6",2024,510.1,401.8,266.5
"Stadtkreis",60,"Kreis 6",2025,510.1,401.7,266.3
"Stadtkreis",70,"Kreis 7",2009,1501.7,857.2,479.4
"Stadtkreis",70,"Kreis 7",2010,1501.7,857.3,479.5
"Stadtkreis",70,"Kreis 7",2011,1501,857.9,480.1
"Stadtkreis",70,"Kreis 7",2012,1501.7,857.4,482.5
"Stadtkreis",70,"Kreis 7",2013,1501.7,857.3,482.8
"Stadtkreis",70,"Kreis 7",2014,1501.7,857.2,483.3
"Stadtkreis",70,"Kreis 7",2015,1501.7,856.2,484.6
"Stadtkreis",70,"Kreis 7",2016,1501.7,855.4,488
"Stadtkreis",70,"Kreis 7",2017,1501.7,852.7,488
"Stadtkreis",70,"Kreis 7",2018,1501.7,855,491.1
"Stadtkreis",70,"Kreis 7",2019,1502.7,856.1,489.3
"Stadtkreis",70,"Kreis 7",2020,1501.7,855,489.2
"Stadtkreis",70,"Kreis 7",2021,1501.7,854.8,485.4
"Stadtkreis",70,"Kreis 7",2022,1501.7,854.8,485.6
"Stadtkreis",70,"Kreis 7",2023,1501.7,855,485.2
"Stadtkreis",70,"Kreis 7",2024,1501.7,854.6,486.3
"Stadtkreis",70,"Kreis 7",2025,1501.7,854.4,487.7
"Stadtkreis",80,"Kreis 8",2009,480.7,288.5,178.8
"Stadtkreis",80,"Kreis 8",2010,480.7,288.5,178.7
"Stadtkreis",80,"Kreis 8",2011,467.3,275.1,175.7
"Stadtkreis",80,"Kreis 8",2012,480.7,288.5,178.5
"Stadtkreis",80,"Kreis 8",2013,480.7,288.5,177.6
"Stadtkreis",80,"Kreis 8",2014,480.7,288.6,178.2
"Stadtkreis",80,"Kreis 8",2015,480.7,288.6,178.3
"Stadtkreis",80,"Kreis 8",2016,480.7,288.4,181.6
"Stadtkreis",80,"Kreis 8",2017,480.7,288.4,181
"Stadtkreis",80,"Kreis 8",2018,480.7,288.4,185.5
"Stadtkreis",80,"Kreis 8",2019,480.6,288.3,185.5
"Stadtkreis",80,"Kreis 8",2020,480.6,288.3,185.4
"Stadtkreis",80,"Kreis 8",2021,480.6,288.3,185.3
"Stadtkreis",80,"Kreis 8",2022,480.6,288.1,185.4
"Stadtkreis",80,"Kreis 8",2023,480.6,288.2,185.4
"Stadtkreis",80,"Kreis 8",2024,480.6,288.2,185.5
"Stadtkreis",80,"Kreis 8",2025,480.6,288.2,185.7
"Stadtkreis",90,"Kreis 9",2009,1207,841.2,528.2
"Stadtkreis",90,"Kreis 9",2010,1207,841.2,528.2
"Stadtkreis",90,"Kreis 9",2011,1207,841.2,528.2
"Stadtkreis",90,"Kreis 9",2012,1205.7,839.5,529.4
"Stadtkreis",90,"Kreis 9",2013,1205.7,839.9,528.2
"Stadtkreis",90,"Kreis 9",2014,1205.7,839.9,531
"Stadtkreis",90,"Kreis 9",2015,1205.7,839.8,529
"Stadtkreis",90,"Kreis 9",2016,1205.7,838.2,536.5
"Stadtkreis",90,"Kreis 9",2017,1205.7,836.9,534.3
"Stadtkreis",90,"Kreis 9",2018,1205.7,837.6,533.1
"Stadtkreis",90,"Kreis 9",2019,1205.7,837.6,533.9
"Stadtkreis",90,"Kreis 9",2020,1205.7,837.6,533.7
"Stadtkreis",90,"Kreis 9",2021,1205.7,837.6,533.2
"Stadtkreis",90,"Kreis 9",2022,1205.7,837.6,532.9
"Stadtkreis",90,"Kreis 9",2023,1205.7,837.6,532.6
"Stadtkreis",90,"Kreis 9",2024,1205.7,837.6,532.3
"Stadtkreis",90,"Kreis 9",2025,1205.7,837.3,533.2
"Stadtkreis",100,"Kreis 10",2009,907.4,619.3,349.8
"Stadtkreis",100,"Kreis 10",2010,907.4,619.3,349.6
"Stadtkreis",100,"Kreis 10",2011,912.3,619.7,349.8
"Stadtkreis",100,"Kreis 10",2012,908.6,621.6,349.8
"Stadtkreis",100,"Kreis 10",2013,908.5,620.4,349.5
"Stadtkreis",100,"Kreis 10",2014,908.5,620.5,349.6
"Stadtkreis",100,"Kreis 10",2015,908.6,618.5,350.1
"Stadtkreis",100,"Kreis 10",2016,908.6,618.7,352.7
"Stadtkreis",100,"Kreis 10",2017,908.6,616.6,354.5
"Stadtkreis",100,"Kreis 10",2018,908.6,616.9,355.7
"Stadtkreis",100,"Kreis 10",2019,908.6,616.8,354.2
"Stadtkreis",100,"Kreis 10",2020,908.6,616.8,354.3
"Stadtkreis",100,"Kreis 10",2021,908.6,616.8,354.1
"Stadtkreis",100,"Kreis 10",2022,908.6,616.9,354.1
"Stadtkreis",100,"Kreis 10",2023,908.6,616.9,354.3
"Stadtkreis",100,"Kreis 10",2024,908.6,616.9,354.9
"Stadtkreis",100,"Kreis 10",2025,908.6,616.8,354.9
"Stadtkreis",110,"Kreis 11",2009,1342.9,1189.3,612.7
"Stadtkreis",110,"Kreis 11",2010,1342.8,1189.3,613.1
"Stadtkreis",110,"Kreis 11",2011,1345.2,1189.6,615.4
"Stadtkreis",110,"Kreis 11",2012,1342.9,1189.8,621.1
"Stadtkreis",110,"Kreis 11",2013,1342.8,1189.8,620.8
"Stadtkreis",110,"Kreis 11",2014,1342.9,1189.8,621.3
"Stadtkreis",110,"Kreis 11",2015,1342.9,1188.7,622.8
"Stadtkreis",110,"Kreis 11",2016,1342.9,1181.7,624.7
"Stadtkreis",110,"Kreis 11",2017,1342.9,1181.6,626.4
"Stadtkreis",110,"Kreis 11",2018,1342.9,1183.6,627.1
"Stadtkreis",110,"Kreis 11",2019,1342.9,1183.7,627.2
"Stadtkreis",110,"Kreis 11",2020,1342.9,1184.3,626.9
"Stadtkreis",110,"Kreis 11",2021,1342.9,1185,626.9
"Stadtkreis",110,"Kreis 11",2022,1342.9,1185,627
"Stadtkreis",110,"Kreis 11",2023,1342.9,1185,628.6
"Stadtkreis",110,"Kreis 11",2024,1342.9,1185.1,628.5
"Stadtkreis",110,"Kreis 11",2025,1342.9,1184.8,629.6
"Stadtkreis",120,"Kreis 12",2009,596.7,425.4,268.6
"Stadtkreis",120,"Kreis 12",2010,596.7,425.1,267.5
"Stadtkreis",120,"Kreis 12",2011,596.7,425,267.4
"Stadtkreis",120,"Kreis 12",2012,596.6,425,267.8
"Stadtkreis",120,"Kreis 12",2013,596.6,425.1,268.6
"Stadtkreis",120,"Kreis 12",2014,596.6,425.1,268.7
"Stadtkreis",120,"Kreis 12",2015,596.6,424,269.2
"Stadtkreis",120,"Kreis 12",2016,596.6,422.5,272.2
"Stadtkreis",120,"Kreis 12",2017,596.6,421,272.1
"Stadtkreis",120,"Kreis 12",2018,596.6,421.2,272.8
"Stadtkreis",120,"Kreis 12",2019,596.6,421.3,272
"Stadtkreis",120,"Kreis 12",2020,596.6,421.3,272
"Stadtkreis",120,"Kreis 12",2021,596.6,421.3,271.9
"Stadtkreis",120,"Kreis 12",2022,596.6,421.3,272
"Stadtkreis",120,"Kreis 12",2023,596.6,421.3,272.5
"Stadtkreis",120,"Kreis 12",2024,596.6,421.4,272.2
"Stadtkreis",120,"Kreis 12",2025,596.6,421.4,272.2
"Stadtquartier",11,"Rathaus",2009,35.7,27.5,17.9
"Stadtquartier",11,"Rathaus",2010,35.7,27.5,17.9
"Stadtquartier",11,"Rathaus",2011,40.7,32.4,18.4
"Stadtquartier",11,"Rathaus",2012,35.7,27.5,17.8
"Stadtquartier",11,"Rathaus",2013,35.7,27.5,17.8
"Stadtquartier",11,"Rathaus",2014,35.7,27.5,17.8
"Stadtquartier",11,"Rathaus",2015,35.7,27.4,17.8
"Stadtquartier",11,"Rathaus",2016,35.7,27.4,17.8
"Stadtquartier",11,"Rathaus",2017,35.7,27.4,18
"Stadtquartier",11,"Rathaus",2018,35.7,27.4,18
"Stadtquartier",11,"Rathaus",2019,35.7,27.4,18
"Stadtquartier",11,"Rathaus",2020,35.7,27.4,18
"Stadtquartier",11,"Rathaus",2021,35.7,27.4,18
"Stadtquartier",11,"Rathaus",2022,35.7,27.4,18
"Stadtquartier",11,"Rathaus",2023,35.7,27.4,18
"Stadtquartier",11,"Rathaus",2024,35.7,27.4,18
"Stadtquartier",11,"Rathaus",2025,35.7,27.4,18
"Stadtquartier",12,"Hochschulen",2009,58.1,46,26.7
"Stadtquartier",12,"Hochschulen",2010,58.1,46,26.7
"Stadtquartier",12,"Hochschulen",2011,58.1,46,26.8
"Stadtquartier",12,"Hochschulen",2012,58.1,46,27.3
"Stadtquartier",12,"Hochschulen",2013,58.1,46,27.3
"Stadtquartier",12,"Hochschulen",2014,58.1,46,27.5
"Stadtquartier",12,"Hochschulen",2015,58.1,46,27.5
"Stadtquartier",12,"Hochschulen",2016,58.1,46,25.9
"Stadtquartier",12,"Hochschulen",2017,58.1,46,26
"Stadtquartier",12,"Hochschulen",2018,58.1,46,26
"Stadtquartier",12,"Hochschulen",2019,58.1,46,26
"Stadtquartier",12,"Hochschulen",2020,58.1,46,26
"Stadtquartier",12,"Hochschulen",2021,58.1,46,26
"Stadtquartier",12,"Hochschulen",2022,58.1,46,25.9
"Stadtquartier",12,"Hochschulen",2023,58.1,46,25.7
"Stadtquartier",12,"Hochschulen",2024,58.1,46,25.7
"Stadtquartier",12,"Hochschulen",2025,58.1,46,25.7
"Stadtquartier",13,"Lindenhof",2009,26.5,26.5,14
"Stadtquartier",13,"Lindenhof",2010,26.5,26.5,14.6
"Stadtquartier",13,"Lindenhof",2011,28.9,27.5,14.6
"Stadtquartier",13,"Lindenhof",2012,26.5,26.5,14.5
"Stadtquartier",13,"Lindenhof",2013,26.5,26.5,14.5
"Stadtquartier",13,"Lindenhof",2014,26.7,26.7,14.3
"Stadtquartier",13,"Lindenhof",2015,26.7,26.7,13.7
"Stadtquartier",13,"Lindenhof",2016,26.7,26.7,13.1
"Stadtquartier",13,"Lindenhof",2017,26.7,26.7,13.1
"Stadtquartier",13,"Lindenhof",2018,26.7,26.7,13.1
"Stadtquartier",13,"Lindenhof",2019,26.7,26.7,13.1
"Stadtquartier",13,"Lindenhof",2020,26.7,26.7,13.1
"Stadtquartier",13,"Lindenhof",2021,26.7,26.6,13.1
"Stadtquartier",13,"Lindenhof",2022,26.7,26.6,13.1
"Stadtquartier",13,"Lindenhof",2023,26.7,26.6,13.1
"Stadtquartier",13,"Lindenhof",2024,26.7,26.6,13.1
"Stadtquartier",13,"Lindenhof",2025,26.7,26.6,13
"Stadtquartier",14,"City",2009,59.6,55.7,29.4
"Stadtquartier",14,"City",2010,59.6,55.7,29.4
"Stadtquartier",14,"City",2011,59.6,55.7,29.4
"Stadtquartier",14,"City",2012,59.6,55.5,30.5
"Stadtquartier",14,"City",2013,59.6,55.5,30.6
"Stadtquartier",14,"City",2014,59.5,55.3,30.2
"Stadtquartier",14,"City",2015,59.5,54.9,30.3
"Stadtquartier",14,"City",2016,59.5,54.9,30.1
"Stadtquartier",14,"City",2017,59.5,54.9,30
"Stadtquartier",14,"City",2018,59.5,54.9,30
"Stadtquartier",14,"City",2019,59.5,54.9,30
"Stadtquartier",14,"City",2020,59.5,54.9,30
"Stadtquartier",14,"City",2021,59.5,54.9,30
"Stadtquartier",14,"City",2022,59.5,54.9,30
"Stadtquartier",14,"City",2023,59.5,54.9,30
"Stadtquartier",14,"City",2024,59.5,54.9,30
"Stadtquartier",14,"City",2025,59.5,54.9,30
"Stadtquartier",21,"Wollishofen",2009,573.6,350.9,198
"Stadtquartier",21,"Wollishofen",2010,573.6,348.3,198.2
"Stadtquartier",21,"Wollishofen",2011,577.6,356.5,202.2
"Stadtquartier",21,"Wollishofen",2012,573.6,348.4,198.3
"Stadtquartier",21,"Wollishofen",2013,573.6,348.4,198.4
"Stadtquartier",21,"Wollishofen",2014,573.6,348.4,198.5
"Stadtquartier",21,"Wollishofen",2015,578.1,352.3,201.6
"Stadtquartier",21,"Wollishofen",2016,578.1,350,201.2
"Stadtquartier",21,"Wollishofen",2017,578.1,349.9,201
"Stadtquartier",21,"Wollishofen",2018,578.1,347.2,200.2
"Stadtquartier",21,"Wollishofen",2019,578.1,347.2,198.8
"Stadtquartier",21,"Wollishofen",2020,578.1,347.2,197.3
"Stadtquartier",21,"Wollishofen",2021,578.1,347.2,197.2
"Stadtquartier",21,"Wollishofen",2022,578.1,347.2,196.6
"Stadtquartier",21,"Wollishofen",2023,578.1,347.3,196.7
"Stadtquartier",21,"Wollishofen",2024,578.1,347.4,196.8
"Stadtquartier",21,"Wollishofen",2025,578.1,347.4,196.8
"Stadtquartier",23,"Leimbach",2009,292.1,157.6,58.4
"Stadtquartier",23,"Leimbach",2010,292.1,157.4,57.1
"Stadtquartier",23,"Leimbach",2011,292,157.3,56.8
"Stadtquartier",23,"Leimbach",2012,292,157.3,57.2
"Stadtquartier",23,"Leimbach",2013,292,157.1,57.2
"Stadtquartier",23,"Leimbach",2014,292,157.1,57.3
"Stadtquartier",23,"Leimbach",2015,292,157,57.6
"Stadtquartier",23,"Leimbach",2016,292,156.8,58.3
"Stadtquartier",23,"Leimbach",2017,292,156.7,57.9
"Stadtquartier",23,"Leimbach",2018,292,156.3,57.7
"Stadtquartier",23,"Leimbach",2019,292,156.3,57.7
"Stadtquartier",23,"Leimbach",2020,292,156.3,57.7
"Stadtquartier",23,"Leimbach",2021,292,156.3,57.8
"Stadtquartier",23,"Leimbach",2022,292,156.3,57.8
"Stadtquartier",23,"Leimbach",2023,292,156.3,57.7
"Stadtquartier",23,"Leimbach",2024,292,156.3,57.7
"Stadtquartier",23,"Leimbach",2025,292,156.3,57.7
"Stadtquartier",24,"Enge",2009,240.9,177.1,107.1
"Stadtquartier",24,"Enge",2010,240.9,177.1,107
"Stadtquartier",24,"Enge",2011,240.9,177.1,107
"Stadtquartier",24,"Enge",2012,240.9,177.1,107.8
"Stadtquartier",24,"Enge",2013,240.9,177.1,107.4
"Stadtquartier",24,"Enge",2014,240.9,177.2,107.4
"Stadtquartier",24,"Enge",2015,236.5,173,105
"Stadtquartier",24,"Enge",2016,236.5,172.5,101.7
"Stadtquartier",24,"Enge",2017,236.5,172.5,101.7
"Stadtquartier",24,"Enge",2018,236.5,172.4,101.5
"Stadtquartier",24,"Enge",2019,236.5,172.4,101.5
"Stadtquartier",24,"Enge",2020,236.5,172.4,101.5
"Stadtquartier",24,"Enge",2021,236.5,172.3,101.5
"Stadtquartier",24,"Enge",2022,236.5,172.4,101.5
"Stadtquartier",24,"Enge",2023,236.5,172.4,101.5
"Stadtquartier",24,"Enge",2024,236.5,172.4,101.6
"Stadtquartier",24,"Enge",2025,236.5,172.4,101.3
"Stadtquartier",31,"Alt-Wiedikon",2009,184.6,177.9,119
"Stadtquartier",31,"Alt-Wiedikon",2010,184.6,177.9,119.1
"Stadtquartier",31,"Alt-Wiedikon",2011,184.2,177.5,119
"Stadtquartier",31,"Alt-Wiedikon",2012,184.6,177.9,118.4
"Stadtquartier",31,"Alt-Wiedikon",2013,183.6,177,118.4
"Stadtquartier",31,"Alt-Wiedikon",2014,170.5,163.9,118.9
"Stadtquartier",31,"Alt-Wiedikon",2015,169.2,162.3,120.5
"Stadtquartier",31,"Alt-Wiedikon",2016,169.2,161.9,120.3
"Stadtquartier",31,"Alt-Wiedikon",2017,169.2,161.9,121.4
"Stadtquartier",31,"Alt-Wiedikon",2018,169.2,161.7,121.2
"Stadtquartier",31,"Alt-Wiedikon",2019,169.3,161.7,121.1
"Stadtquartier",31,"Alt-Wiedikon",2020,169.2,161.7,121.1
"Stadtquartier",31,"Alt-Wiedikon",2021,169.2,161.7,121
"Stadtquartier",31,"Alt-Wiedikon",2022,169.2,161.7,121
"Stadtquartier",31,"Alt-Wiedikon",2023,169.2,161.7,121.1
"Stadtquartier",31,"Alt-Wiedikon",2024,169.2,161.7,121
"Stadtquartier",31,"Alt-Wiedikon",2025,169.2,161.7,120.9
"Stadtquartier",33,"Friesenberg",2009,516.7,244.7,127.2
"Stadtquartier",33,"Friesenberg",2010,516.7,244,124.9
"Stadtquartier",33,"Friesenberg",2011,516.7,244,124.9
"Stadtquartier",33,"Friesenberg",2012,516.7,243.9,124.9
"Stadtquartier",33,"Friesenberg",2013,516.1,242.4,125.1
"Stadtquartier",33,"Friesenberg",2014,529.7,256,125.7
"Stadtquartier",33,"Friesenberg",2015,529.7,255.9,127.9
"Stadtquartier",33,"Friesenberg",2016,529.7,256.1,128.4
"Stadtquartier",33,"Friesenberg",2017,529.7,256.7,130.2
"Stadtquartier",33,"Friesenberg",2018,529.7,255.6,131.9
"Stadtquartier",33,"Friesenberg",2019,529.7,255.7,131.8
"Stadtquartier",33,"Friesenberg",2020,529.7,255.7,131.5
"Stadtquartier",33,"Friesenberg",2021,529.7,255.7,131.5
"Stadtquartier",33,"Friesenberg",2022,529.7,255.7,131.5
"Stadtquartier",33,"Friesenberg",2023,529.7,255.7,131.6
"Stadtquartier",33,"Friesenberg",2024,529.7,255.5,131.8
"Stadtquartier",33,"Friesenberg",2025,529.7,255.3,131.6
"Stadtquartier",34,"Sihlfeld",2009,163.8,163,95.7
"Stadtquartier",34,"Sihlfeld",2010,163.8,163,95.7
"Stadtquartier",34,"Sihlfeld",2011,163.7,162.9,95.7
"Stadtquartier",34,"Sihlfeld",2012,163.8,163,95.7
"Stadtquartier",34,"Sihlfeld",2013,165.3,164.5,95.8
"Stadtquartier",34,"Sihlfeld",2014,164.8,164,95.8
"Stadtquartier",34,"Sihlfeld",2015,166.1,165.3,96.5
"Stadtquartier",34,"Sihlfeld",2016,166.1,165.3,95.8
"Stadtquartier",34,"Sihlfeld",2017,166.1,165.3,96.9
"Stadtquartier",34,"Sihlfeld",2018,166.1,165.4,96.9
"Stadtquartier",34,"Sihlfeld",2019,166.1,165.4,96.3
"Stadtquartier",34,"Sihlfeld",2020,166.1,165.4,96.3
"Stadtquartier",34,"Sihlfeld",2021,166.1,165.4,96.3
"Stadtquartier",34,"Sihlfeld",2022,166.1,165.4,96.2
"Stadtquartier",34,"Sihlfeld",2023,166.1,165.4,96.2
"Stadtquartier",34,"Sihlfeld",2024,166.1,165.4,96.1
"Stadtquartier",34,"Sihlfeld",2025,166.1,165.4,96.2
"Stadtquartier",41,"Werd",2009,29.9,28.5,17.9
"Stadtquartier",41,"Werd",2010,29.9,28.5,17.8
"Stadtquartier",41,"Werd",2011,29.9,28.5,17.8
"Stadtquartier",41,"Werd",2012,29.9,28.5,17.9
"Stadtquartier",41,"Werd",2013,29.9,28.5,17.9
"Stadtquartier",41,"Werd",2014,30.2,28.5,17.9
"Stadtquartier",41,"Werd",2015,30.2,28.3,18.4
"Stadtquartier",41,"Werd",2016,30.2,28.3,18.4
"Stadtquartier",41,"Werd",2017,30.2,28.3,18.4
"Stadtquartier",41,"Werd",2018,30.2,28.3,18.4
"Stadtquartier",41,"Werd",2019,30.2,28.3,18.4
"Stadtquartier",41,"Werd",2020,30.2,28.3,18.5
"Stadtquartier",41,"Werd",2021,30.2,28.3,18.5
"Stadtquartier",41,"Werd",2022,30.2,28.3,18.5
"Stadtquartier",41,"Werd",2023,30.2,28.3,18.5
"Stadtquartier",41,"Werd",2024,30.2,28.3,18.5
"Stadtquartier",41,"Werd",2025,30.2,28.3,18.5
"Stadtquartier",42,"Langstrasse",2009,113.4,110.9,54.2
"Stadtquartier",42,"Langstrasse",2010,113.4,110.9,54.2
"Stadtquartier",42,"Langstrasse",2011,111,110.6,54.2
"Stadtquartier",42,"Langstrasse",2012,113.8,111.3,55.1
"Stadtquartier",42,"Langstrasse",2013,113.8,111.3,55.1
"Stadtquartier",42,"Langstrasse",2014,113.4,111.3,54.1
"Stadtquartier",42,"Langstrasse",2015,121.5,119.4,56.1
"Stadtquartier",42,"Langstrasse",2016,121.5,119.4,56
"Stadtquartier",42,"Langstrasse",2017,121.2,119.1,56.3
"Stadtquartier",42,"Langstrasse",2018,121.2,119.1,56.3
"Stadtquartier",42,"Langstrasse",2019,121.2,119.1,56.3
"Stadtquartier",42,"Langstrasse",2020,121.2,119.1,55.7
"Stadtquartier",42,"Langstrasse",2021,121.2,119.1,55.9
"Stadtquartier",42,"Langstrasse",2022,121.2,119.1,54.7
"Stadtquartier",42,"Langstrasse",2023,121.2,119.1,56
"Stadtquartier",42,"Langstrasse",2024,121.2,119.1,56
"Stadtquartier",42,"Langstrasse",2025,121.2,119.1,56
"Stadtquartier",44,"Hard",2009,136.7,136.7,77.1
"Stadtquartier",44,"Hard",2010,136.7,136.7,77.1
"Stadtquartier",44,"Hard",2011,135.9,135.9,76.5
"Stadtquartier",44,"Hard",2012,147.2,147.2,78.8
"Stadtquartier",44,"Hard",2013,147.2,147.2,79.1
"Stadtquartier",44,"Hard",2014,147.2,147.2,80.6
"Stadtquartier",44,"Hard",2015,139.1,139.1,78.3
"Stadtquartier",44,"Hard",2016,139.1,139.1,77.6
"Stadtquartier",44,"Hard",2017,139.1,139.1,78.4
"Stadtquartier",44,"Hard",2018,139.1,139.1,78.5
"Stadtquartier",44,"Hard",2019,139.1,139.1,79.9
"Stadtquartier",44,"Hard",2020,139.1,139.1,79.9
"Stadtquartier",44,"Hard",2021,139.1,139.1,79.9
"Stadtquartier",44,"Hard",2022,139.1,139.1,79.9
"Stadtquartier",44,"Hard",2023,139.1,139.1,79.1
"Stadtquartier",44,"Hard",2024,139.1,139.1,79.1
"Stadtquartier",44,"Hard",2025,139.1,139.1,78.9
"Stadtquartier",51,"Gewerbeschule",2009,74.3,67.6,43.1
"Stadtquartier",51,"Gewerbeschule",2010,74.3,67.6,43.1
"Stadtquartier",51,"Gewerbeschule",2011,74.3,67.6,43.1
"Stadtquartier",51,"Gewerbeschule",2012,73.9,67.3,42.8
"Stadtquartier",51,"Gewerbeschule",2013,73.9,67.3,42.8
"Stadtquartier",51,"Gewerbeschule",2014,72.7,67.9,43
"Stadtquartier",51,"Gewerbeschule",2015,72.7,67.8,42.9
"Stadtquartier",51,"Gewerbeschule",2016,72.7,67.8,42.9
"Stadtquartier",51,"Gewerbeschule",2017,73,68.2,43
"Stadtquartier",51,"Gewerbeschule",2018,73,68,43
"Stadtquartier",51,"Gewerbeschule",2019,73,68,43
"Stadtquartier",51,"Gewerbeschule",2020,73,68,42.8
"Stadtquartier",51,"Gewerbeschule",2021,73,68,42.8
"Stadtquartier",51,"Gewerbeschule",2022,73,68,42.7
"Stadtquartier",51,"Gewerbeschule",2023,73,68,42.8
"Stadtquartier",51,"Gewerbeschule",2024,73,68,42.9
"Stadtquartier",51,"Gewerbeschule",2025,73,68,42.9
"Stadtquartier",52,"Escher Wyss",2009,134.6,129.6,92.5
"Stadtquartier",52,"Escher Wyss",2010,134.6,129.6,92.5
"Stadtquartier",52,"Escher Wyss",2011,134.6,129.6,92.6
"Stadtquartier",52,"Escher Wyss",2012,125.4,120.6,89.8
"Stadtquartier",52,"Escher Wyss",2013,125.4,120.6,89.8
"Stadtquartier",52,"Escher Wyss",2014,126.6,120,89.7
"Stadtquartier",52,"Escher Wyss",2015,126.6,119.6,89.6
"Stadtquartier",52,"Escher Wyss",2016,126.6,119.4,89.5
"Stadtquartier",52,"Escher Wyss",2017,126.6,119.4,89.6
"Stadtquartier",52,"Escher Wyss",2018,126.6,119.4,87.1
"Stadtquartier",52,"Escher Wyss",2019,126.6,119.4,86.9
"Stadtquartier",52,"Escher Wyss",2020,126.6,119.4,85.9
"Stadtquartier",52,"Escher Wyss",2021,126.6,119.4,85.9
"Stadtquartier",52,"Escher Wyss",2022,126.6,119.4,85.5
"Stadtquartier",52,"Escher Wyss",2023,126.6,119.4,85.5
"Stadtquartier",52,"Escher Wyss",2024,126.6,119.4,84.9
"Stadtquartier",52,"Escher Wyss",2025,126.6,119.4,84.9
"Stadtquartier",61,"Unterstrass",2009,247.7,243.2,150.4
"Stadtquartier",61,"Unterstrass",2010,247.8,243.3,150.5
"Stadtquartier",61,"Unterstrass",2011,246.9,242.4,150.5
"Stadtquartier",61,"Unterstrass",2012,246.6,242.1,150.6
"Stadtquartier",61,"Unterstrass",2013,246.6,242.1,152.4
"Stadtquartier",61,"Unterstrass",2014,246.6,242.1,152.4
"Stadtquartier",61,"Unterstrass",2015,246.6,241.5,152.2
"Stadtquartier",61,"Unterstrass",2016,246.6,241.3,153.3
"Stadtquartier",61,"Unterstrass",2017,246.6,241.3,153.3
"Stadtquartier",61,"Unterstrass",2018,246.6,241.3,153.7
"Stadtquartier",61,"Unterstrass",2019,246.6,241.3,153.7
"Stadtquartier",61,"Unterstrass",2020,246.6,241.3,153.6
"Stadtquartier",61,"Unterstrass",2021,246.6,241.3,153.7
"Stadtquartier",61,"Unterstrass",2022,246.6,241.3,153.7
"Stadtquartier",61,"Unterstrass",2023,246.6,241.3,153.7
"Stadtquartier",61,"Unterstrass",2024,246.6,241.3,153.9
"Stadtquartier",61,"Unterstrass",2025,246.6,241.3,153.7
"Stadtquartier",63,"Oberstrass",2009,263.5,161.7,113.5
"Stadtquartier",63,"Oberstrass",2010,263.5,161.7,113.5
"Stadtquartier",63,"Oberstrass",2011,263.5,161.7,113.5
"Stadtquartier",63,"Oberstrass",2012,263.5,161.7,113.7
"Stadtquartier",63,"Oberstrass",2013,263.5,161.7,113.7
"Stadtquartier",63,"Oberstrass",2014,263.5,161.8,113.7
"Stadtquartier",63,"Oberstrass",2015,263.5,161.5,113.7
"Stadtquartier",63,"Oberstrass",2016,263.5,161.6,113.2
"Stadtquartier",63,"Oberstrass",2017,263.5,160.3,113.5
"Stadtquartier",63,"Oberstrass",2018,263.5,160.5,113.5
"Stadtquartier",63,"Oberstrass",2019,263.5,160.5,112.5
"Stadtquartier",63,"Oberstrass",2020,263.5,160.5,112.5
"Stadtquartier",63,"Oberstrass",2021,263.5,160.5,112.8
"Stadtquartier",63,"Oberstrass",2022,263.5,160.5,112.8
"Stadtquartier",63,"Oberstrass",2023,263.5,160.4,112.8
"Stadtquartier",63,"Oberstrass",2024,263.5,160.5,112.6
"Stadtquartier",63,"Oberstrass",2025,263.5,160.4,112.6
"Stadtquartier",71,"Fluntern",2009,284.4,212.2,138.1
"Stadtquartier",71,"Fluntern",2010,284.4,212.2,138.1
"Stadtquartier",71,"Fluntern",2011,282.9,212.1,138.1
"Stadtquartier",71,"Fluntern",2012,284.4,212.3,141
"Stadtquartier",71,"Fluntern",2013,284.4,212.3,141
"Stadtquartier",71,"Fluntern",2014,284.4,212.2,141.4
"Stadtquartier",71,"Fluntern",2015,284.4,212.2,142.1
"Stadtquartier",71,"Fluntern",2016,284.4,212.1,142.4
"Stadtquartier",71,"Fluntern",2017,284.4,211.7,142.4
"Stadtquartier",71,"Fluntern",2018,284.4,212.4,145.3
"Stadtquartier",71,"Fluntern",2019,284.4,212.4,143.5
"Stadtquartier",71,"Fluntern",2020,284.4,212.4,143.5
"Stadtquartier",71,"Fluntern",2021,284.4,212.2,140.4
"Stadtquartier",71,"Fluntern",2022,284.4,212.2,140.5
"Stadtquartier",71,"Fluntern",2023,284.4,212.2,140.7
"Stadtquartier",71,"Fluntern",2024,284.4,212.2,140.7
"Stadtquartier",71,"Fluntern",2025,284.4,212.1,141.7
"Stadtquartier",72,"Hottingen",2009,505.3,264.5,136.4
"Stadtquartier",72,"Hottingen",2010,505.3,264.5,136.4
"Stadtquartier",72,"Hottingen",2011,505.2,264.5,136.4
"Stadtquartier",72,"Hottingen",2012,505.3,264.5,136.5
"Stadtquartier",72,"Hottingen",2013,505.3,264.4,136.5
"Stadtquartier",72,"Hottingen",2014,505.3,264.5,136.5
"Stadtquartier",72,"Hottingen",2015,505.3,264.4,137.2
"Stadtquartier",72,"Hottingen",2016,505.3,264.2,138.3
"Stadtquartier",72,"Hottingen",2017,505.3,263.1,138.5
"Stadtquartier",72,"Hottingen",2018,505.3,263,138.6
"Stadtquartier",72,"Hottingen",2019,505.3,263,138.6
"Stadtquartier",72,"Hottingen",2020,505.3,263,138.5
"Stadtquartier",72,"Hottingen",2021,505.3,263.1,137.7
"Stadtquartier",72,"Hottingen",2022,505.3,263.1,137.8
"Stadtquartier",72,"Hottingen",2023,505.3,263.3,137.8
"Stadtquartier",72,"Hottingen",2024,505.3,263.3,137.8
"Stadtquartier",72,"Hottingen",2025,505.3,263.2,137.8
"Stadtquartier",73,"Hirslanden",2009,218.8,96.1,69.1
"Stadtquartier",73,"Hirslanden",2010,218.8,96.1,69.1
"Stadtquartier",73,"Hirslanden",2011,218.8,96.1,69.1
"Stadtquartier",73,"Hirslanden",2012,218.8,96.1,69.1
"Stadtquartier",73,"Hirslanden",2013,218.8,96.1,69.1
"Stadtquartier",73,"Hirslanden",2014,218.6,95.9,69.1
"Stadtquartier",73,"Hirslanden",2015,218.7,95.9,69.1
"Stadtquartier",73,"Hirslanden",2016,218.7,95.6,69.3
"Stadtquartier",73,"Hirslanden",2017,218.7,95.1,69.3
"Stadtquartier",73,"Hirslanden",2018,218.7,95.1,69.1
"Stadtquartier",73,"Hirslanden",2019,218.7,95.1,69.1
"Stadtquartier",73,"Hirslanden",2020,218.7,95.1,69.1
"Stadtquartier",73,"Hirslanden",2021,218.7,95.1,69.1
"Stadtquartier",73,"Hirslanden",2022,218.7,95.1,69.1
"Stadtquartier",73,"Hirslanden",2023,218.7,95.1,68.7
"Stadtquartier",73,"Hirslanden",2024,218.7,95.1,68.7
"Stadtquartier",73,"Hirslanden",2025,218.7,95.1,68.7
"Stadtquartier",74,"Witikon",2009,493.3,284.5,135.9
"Stadtquartier",74,"Witikon",2010,493.3,284.5,135.9
"Stadtquartier",74,"Witikon",2011,494.1,285.3,136.5
"Stadtquartier",74,"Witikon",2012,493.3,284.5,135.9
"Stadtquartier",74,"Witikon",2013,493.3,284.5,136.2
"Stadtquartier",74,"Witikon",2014,493.5,284.6,136.2
"Stadtquartier",74,"Witikon",2015,493.4,283.8,136.2
"Stadtquartier",74,"Witikon",2016,493.4,283.4,137.9
"Stadtquartier",74,"Witikon",2017,493.4,282.8,137.9
"Stadtquartier",74,"Witikon",2018,493.4,284.4,138.1
"Stadtquartier",74,"Witikon",2019,494.4,285.5,138.1
"Stadtquartier",74,"Witikon",2020,493.4,284.5,138.1
"Stadtquartier",74,"Witikon",2021,493.4,284.5,138.1
"Stadtquartier",74,"Witikon",2022,493.4,284.5,138.1
"Stadtquartier",74,"Witikon",2023,493.4,284.4,138
"Stadtquartier",74,"Witikon",2024,493.4,284,139.1
"Stadtquartier",74,"Witikon",2025,493.4,284,139.4
"Stadtquartier",81,"Seefeld",2009,242.3,67.1,36.4
"Stadtquartier",81,"Seefeld",2010,242.3,67.1,36.4
"Stadtquartier",81,"Seefeld",2011,242.3,67.1,36.5
"Stadtquartier",81,"Seefeld",2012,242.3,67.1,36.7
"Stadtquartier",81,"Seefeld",2013,242.3,67.1,36.7
"Stadtquartier",81,"Seefeld",2014,242.2,67.1,37.1
"Stadtquartier",81,"Seefeld",2015,242.2,67,37.1
"Stadtquartier",81,"Seefeld",2016,242.2,67.1,36.8
"Stadtquartier",81,"Seefeld",2017,242.2,67.1,36.8
"Stadtquartier",81,"Seefeld",2018,242.2,67.1,36.9
"Stadtquartier",81,"Seefeld",2019,242.2,67.1,36.9
"Stadtquartier",81,"Seefeld",2020,242.2,67,36.9
"Stadtquartier",81,"Seefeld",2021,242.2,67,36.9
"Stadtquartier",81,"Seefeld",2022,242.2,67,36.9
"Stadtquartier",81,"Seefeld",2023,242.2,67,37
"Stadtquartier",81,"Seefeld",2024,242.2,67,37
"Stadtquartier",81,"Seefeld",2025,242.2,67,37
"Stadtquartier",82,"Mühlebach",2009,63.8,63.6,48.1
"Stadtquartier",82,"Mühlebach",2010,63.8,63.6,48.2
"Stadtquartier",82,"Mühlebach",2011,63.6,63.4,48.3
"Stadtquartier",82,"Mühlebach",2012,63.8,63.6,48.3
"Stadtquartier",82,"Mühlebach",2013,63.8,63.6,47.5
"Stadtquartier",82,"Mühlebach",2014,63.9,63.8,47.5
"Stadtquartier",82,"Mühlebach",2015,63.9,63.8,47.5
"Stadtquartier",82,"Mühlebach",2016,63.9,63.8,48
"Stadtquartier",82,"Mühlebach",2017,63.9,63.8,48
"Stadtquartier",82,"Mühlebach",2018,63.9,63.8,48
"Stadtquartier",82,"Mühlebach",2019,63.9,63.8,48
"Stadtquartier",82,"Mühlebach",2020,63.9,63.8,48
"Stadtquartier",82,"Mühlebach",2021,63.9,63.8,48
"Stadtquartier",82,"Mühlebach",2022,63.9,63.8,48
"Stadtquartier",82,"Mühlebach",2023,63.9,63.8,48
"Stadtquartier",82,"Mühlebach",2024,63.9,63.8,48
"Stadtquartier",82,"Mühlebach",2025,63.9,63.8,48
"Stadtquartier",83,"Weinegg",2009,174.5,157.8,94.2
"Stadtquartier",83,"Weinegg",2010,174.5,157.8,94.1
"Stadtquartier",83,"Weinegg",2011,161.4,144.6,90.8
"Stadtquartier",83,"Weinegg",2012,174.5,157.8,93.4
"Stadtquartier",83,"Weinegg",2013,174.5,157.8,93.5
"Stadtquartier",83,"Weinegg",2014,174.5,157.8,93.6
"Stadtquartier",83,"Weinegg",2015,174.5,157.8,93.7
"Stadtquartier",83,"Weinegg",2016,174.5,157.6,96.7
"Stadtquartier",83,"Weinegg",2017,174.5,157.5,96.1
"Stadtquartier",83,"Weinegg",2018,174.5,157.5,100.5
"Stadtquartier",83,"Weinegg",2019,174.5,157.5,100.5
"Stadtquartier",83,"Weinegg",2020,174.5,157.5,100.5
"Stadtquartier",83,"Weinegg",2021,174.5,157.5,100.4
"Stadtquartier",83,"Weinegg",2022,174.5,157.4,100.5
"Stadtquartier",83,"Weinegg",2023,174.5,157.4,100.5
"Stadtquartier",83,"Weinegg",2024,174.5,157.4,100.4
"Stadtquartier",83,"Weinegg",2025,174.5,157.4,100.6
"Stadtquartier",91,"Albisrieden",2009,460.1,272.1,177.6
"Stadtquartier",91,"Albisrieden",2010,460.1,272.1,177.6
"Stadtquartier",91,"Albisrieden",2011,460.1,272.1,177.8
"Stadtquartier",91,"Albisrieden",2012,460.1,272.1,177.8
"Stadtquartier",91,"Albisrieden",2013,460.1,272.5,177.8
"Stadtquartier",91,"Albisrieden",2014,460.1,272.5,177.9
"Stadtquartier",91,"Albisrieden",2015,460.1,272.4,177.2
"Stadtquartier",91,"Albisrieden",2016,460.2,272,177.3
"Stadtquartier",91,"Albisrieden",2017,460.1,271.4,175.9
"Stadtquartier",91,"Albisrieden",2018,460.1,271.6,175.6
"Stadtquartier",91,"Albisrieden",2019,460.1,271.6,175.7
"Stadtquartier",91,"Albisrieden",2020,460.1,271.6,175.6
"Stadtquartier",91,"Albisrieden",2021,460.1,271.6,175.6
"Stadtquartier",91,"Albisrieden",2022,460.1,271.6,175.5
"Stadtquartier",91,"Albisrieden",2023,461.5,273,176.5
"Stadtquartier",91,"Albisrieden",2024,461.5,273,176.5
"Stadtquartier",91,"Albisrieden",2025,461.5,272.7,177.3
"Stadtquartier",92,"Altstetten",2009,746.8,569.1,350.6
"Stadtquartier",92,"Altstetten",2010,746.8,569.1,350.6
"Stadtquartier",92,"Altstetten",2011,746.9,569.1,350.4
"Stadtquartier",92,"Altstetten",2012,745.5,567.4,351.6
"Stadtquartier",92,"Altstetten",2013,745.6,567.4,350.4
"Stadtquartier",92,"Altstetten",2014,745.6,567.4,353.1
"Stadtquartier",92,"Altstetten",2015,745.5,567.4,351.8
"Stadtquartier",92,"Altstetten",2016,745.5,566.2,359.2
"Stadtquartier",92,"Altstetten",2017,745.5,565.4,358.4
"Stadtquartier",92,"Altstetten",2018,745.5,565.9,357.5
"Stadtquartier",92,"Altstetten",2019,745.5,566,358.2
"Stadtquartier",92,"Altstetten",2020,745.5,566,358.1
"Stadtquartier",92,"Altstetten",2021,745.5,565.9,357.6
"Stadtquartier",92,"Altstetten",2022,745.5,565.9,357.3
"Stadtquartier",92,"Altstetten",2023,744.2,564.6,356.1
"Stadtquartier",92,"Altstetten",2024,744.2,564.6,355.8
"Stadtquartier",92,"Altstetten",2025,744.2,564.6,355.9
"Stadtquartier",101,"Höngg",2009,698.3,465.4,241.7
"Stadtquartier",101,"Höngg",2010,698.3,465.4,241.5
"Stadtquartier",101,"Höngg",2011,698.3,464,241.5
"Stadtquartier",101,"Höngg",2012,698.4,465.4,241.6
"Stadtquartier",101,"Höngg",2013,698.3,465.4,241.5
"Stadtquartier",101,"Höngg",2014,698.3,465.5,241.6
"Stadtquartier",101,"Höngg",2015,698.4,463.6,242.1
"Stadtquartier",101,"Höngg",2016,698.4,463.8,243.9
"Stadtquartier",101,"Höngg",2017,698.4,462,247.2
"Stadtquartier",101,"Höngg",2018,698.4,462.1,248.3
"Stadtquartier",101,"Höngg",2019,698.4,461.9,246.9
"Stadtquartier",101,"Höngg",2020,698.4,461.9,247
"Stadtquartier",101,"Höngg",2021,698.4,461.9,246.8
"Stadtquartier",101,"Höngg",2022,698.4,461.9,246.9
"Stadtquartier",101,"Höngg",2023,698.4,461.9,247
"Stadtquartier",101,"Höngg",2024,698.4,461.9,247.4
"Stadtquartier",101,"Höngg",2025,698.4,461.9,247.4
"Stadtquartier",102,"Wipkingen",2009,209,153.9,108.1
"Stadtquartier",102,"Wipkingen",2010,209,153.9,108.1
"Stadtquartier",102,"Wipkingen",2011,214,155.6,108.3
"Stadtquartier",102,"Wipkingen",2012,210.2,156.1,108.2
"Stadtquartier",102,"Wipkingen",2013,210.2,155,107.9
"Stadtquartier",102,"Wipkingen",2014,210.2,155,107.9
"Stadtquartier",102,"Wipkingen",2015,210.2,154.9,108
"Stadtquartier",102,"Wipkingen",2016,210.2,154.9,108.8
"Stadtquartier",102,"Wipkingen",2017,210.2,154.6,107.4
"Stadtquartier",102,"Wipkingen",2018,210.2,154.8,107.5
"Stadtquartier",102,"Wipkingen",2019,210.2,154.8,107.3
"Stadtquartier",102,"Wipkingen",2020,210.2,154.9,107.4
"Stadtquartier",102,"Wipkingen",2021,210.2,154.9,107.3
"Stadtquartier",102,"Wipkingen",2022,210.2,155,107.3
"Stadtquartier",102,"Wipkingen",2023,210.2,155,107.4
"Stadtquartier",102,"Wipkingen",2024,210.2,155,107.5
"Stadtquartier",102,"Wipkingen",2025,210.2,154.9,107.5
"Stadtquartier",111,"Affoltern",2009,603.2,493.3,204
"Stadtquartier",111,"Affoltern",2010,603.2,493.3,205.1
"Stadtquartier",111,"Affoltern",2011,603.2,493.3,207.9
"Stadtquartier",111,"Affoltern",2012,603.2,493.2,212.3
"Stadtquartier",111,"Affoltern",2013,603.2,493.2,212.2
"Stadtquartier",111,"Affoltern",2014,603.1,493.1,212.5
"Stadtquartier",111,"Affoltern",2015,604.4,493.7,213.9
"Stadtquartier",111,"Affoltern",2016,604.4,493.4,215.1
"Stadtquartier",111,"Affoltern",2017,604.4,493.5,215.8
"Stadtquartier",111,"Affoltern",2018,604.4,494.2,216.6
"Stadtquartier",111,"Affoltern",2019,604.4,494.2,217.1
"Stadtquartier",111,"Affoltern",2020,604.4,494.6,216.9
"Stadtquartier",111,"Affoltern",2021,604.4,495.3,217.1
"Stadtquartier",111,"Affoltern",2022,604.4,495.3,217.1
"Stadtquartier",111,"Affoltern",2023,604.4,495.3,217.3
"Stadtquartier",111,"Affoltern",2024,604.4,495.3,217.3
"Stadtquartier",111,"Affoltern",2025,604.4,495.1,218.5
"Stadtquartier",115,"Oerlikon",2009,267.9,264.5,187.6
"Stadtquartier",115,"Oerlikon",2010,267.8,264.4,187.5
"Stadtquartier",115,"Oerlikon",2011,267.8,264.4,187.6
"Stadtquartier",115,"Oerlikon",2012,267.8,265,188.5
"Stadtquartier",115,"Oerlikon",2013,267.8,265,188.8
"Stadtquartier",115,"Oerlikon",2014,267.8,265,188.7
"Stadtquartier",115,"Oerlikon",2015,267.5,264.7,188.5
"Stadtquartier",115,"Oerlikon",2016,267.5,263.4,187.7
"Stadtquartier",115,"Oerlikon",2017,267.5,263.3,187.5
"Stadtquartier",115,"Oerlikon",2018,267.5,264.2,187.3
"Stadtquartier",115,"Oerlikon",2019,267.5,264.2,187.2
"Stadtquartier",115,"Oerlikon",2020,267.5,264.2,187.1
"Stadtquartier",115,"Oerlikon",2021,267.5,264.2,187.1
"Stadtquartier",115,"Oerlikon",2022,267.5,264.2,187.1
"Stadtquartier",115,"Oerlikon",2023,267.5,264.2,187.1
"Stadtquartier",115,"Oerlikon",2024,267.5,264.2,186.9
"Stadtquartier",115,"Oerlikon",2025,267.5,264.2,186.9
"Stadtquartier",119,"Seebach",2009,471.8,431.5,221.1
"Stadtquartier",119,"Seebach",2010,471.8,431.6,220.6
"Stadtquartier",119,"Seebach",2011,474.3,431.9,220
"Stadtquartier",119,"Seebach",2012,471.8,431.6,220.3
"Stadtquartier",119,"Seebach",2013,471.8,431.6,219.8
"Stadtquartier",119,"Seebach",2014,471.9,431.6,220.1
"Stadtquartier",119,"Seebach",2015,471,430.3,220.5
"Stadtquartier",119,"Seebach",2016,471,424.8,221.9
"Stadtquartier",119,"Seebach",2017,471,424.8,223.2
"Stadtquartier",119,"Seebach",2018,471,425.3,223.2
"Stadtquartier",119,"Seebach",2019,471,425.3,222.9
"Stadtquartier",119,"Seebach",2020,471,425.5,222.9
"Stadtquartier",119,"Seebach",2021,471,425.5,222.7
"Stadtquartier",119,"Seebach",2022,471,425.5,222.8
"Stadtquartier",119,"Seebach",2023,471,425.5,224.1
"Stadtquartier",119,"Seebach",2024,471,425.5,224.3
"Stadtquartier",119,"Seebach",2025,471,425.5,224.2
"Stadtquartier",121,"Saatlen",2009,111,107.5,82.5
"Stadtquartier",121,"Saatlen",2010,111,107.2,81.4
"Stadtquartier",121,"Saatlen",2011,111,107.2,81.5
"Stadtquartier",121,"Saatlen",2012,111,107.2,81.5
"Stadtquartier",121,"Saatlen",2013,113.3,109.3,81.9
"Stadtquartier",121,"Saatlen",2014,112.8,108.9,81.9
"Stadtquartier",121,"Saatlen",2015,112.8,109,82.3
"Stadtquartier",121,"Saatlen",2016,112.8,108.3,83.2
"Stadtquartier",121,"Saatlen",2017,112.8,107.6,83.1
"Stadtquartier",121,"Saatlen",2018,112.8,108,83.9
"Stadtquartier",121,"Saatlen",2019,112.8,107.9,83.8
"Stadtquartier",121,"Saatlen",2020,112.8,107.9,83.8
"Stadtquartier",121,"Saatlen",2021,112.8,107.9,83.8
"Stadtquartier",121,"Saatlen",2022,112.8,107.9,84
"Stadtquartier",121,"Saatlen",2023,112.8,107.9,84
"Stadtquartier",121,"Saatlen",2024,112.8,108,84.1
"Stadtquartier",121,"Saatlen",2025,112.8,108,84.1
"Stadtquartier",122,"Schwamendingen-Mitte",2009,228.9,137.4,86.9
"Stadtquartier",122,"Schwamendingen-Mitte",2010,228.9,137.4,86.9
"Stadtquartier",122,"Schwamendingen-Mitte",2011,228.9,137.4,87
"Stadtquartier",122,"Schwamendingen-Mitte",2012,229.3,137.9,86.9
"Stadtquartier",122,"Schwamendingen-Mitte",2013,227.1,135.8,87.4
"Stadtquartier",122,"Schwamendingen-Mitte",2014,279.1,138.5,87.4
"Stadtquartier",122,"Schwamendingen-Mitte",2015,279.1,138.3,87.4
"Stadtquartier",122,"Schwamendingen-Mitte",2016,279.2,138.1,87.7
"Stadtquartier",122,"Schwamendingen-Mitte",2017,279.2,137.3,88
"Stadtquartier",122,"Schwamendingen-Mitte",2018,279.2,137.3,87.9
"Stadtquartier",122,"Schwamendingen-Mitte",2019,279.2,137.4,87.9
"Stadtquartier",122,"Schwamendingen-Mitte",2020,279.2,137.4,87.9
"Stadtquartier",122,"Schwamendingen-Mitte",2021,279.2,137.4,87.9
"Stadtquartier",122,"Schwamendingen-Mitte",2022,279.2,137.4,87.9
"Stadtquartier",122,"Schwamendingen-Mitte",2023,279.2,137.4,87.9
"Stadtquartier",122,"Schwamendingen-Mitte",2024,279.2,137.4,88.1
"Stadtquartier",122,"Schwamendingen-Mitte",2025,279.2,137.4,88.1
"Stadtquartier",123,"Hirzenbach",2009,256.7,180.5,99.2
"Stadtquartier",123,"Hirzenbach",2010,256.7,180.5,99.2
"Stadtquartier",123,"Hirzenbach",2011,256.7,180.5,98.9
"Stadtquartier",123,"Hirzenbach",2012,256.2,179.9,99.4
"Stadtquartier",123,"Hirzenbach",2013,256.2,180,99.3
"Stadtquartier",123,"Hirzenbach",2014,204.6,177.7,99.5
"Stadtquartier",123,"Hirzenbach",2015,204.6,176.7,99.4
"Stadtquartier",123,"Hirzenbach",2016,204.6,176.2,101.3
"Stadtquartier",123,"Hirzenbach",2017,204.6,176.1,101.1
"Stadtquartier",123,"Hirzenbach",2018,204.6,175.9,101.1
"Stadtquartier",123,"Hirzenbach",2019,204.6,175.9,100.2
"Stadtquartier",123,"Hirzenbach",2020,204.6,175.9,100.3
"Stadtquartier",123,"Hirzenbach",2021,204.6,175.9,100.2
"Stadtquartier",123,"Hirzenbach",2022,204.6,175.9,100.2
"Stadtquartier",123,"Hirzenbach",2023,204.6,175.9,100.6
"Stadtquartier",123,"Hirzenbach",2024,204.6,176.1,100.1
"Stadtquartier",123,"Hirzenbach",2025,204.6,176.1,100.1
